article key journals/sigmod/FlorescuLM98 mdate 2012-09-19 ee http://doi.acm.org/10.1145/290593.290605 author Daniela-Florescu author Alon-Y.-Levy author Alberto-O.-Mendelzon title Database-Techniques-for-the-World-Wide-Web:-A-Survey. pages 59-74 cdrom sigmodR/27-3/P059.pdf year 1998 volume 27 journal SIGMOD-Record number 3 url db/journals/sigmod/sigmod27.html#FlorescuLM98 cite label AAB+95 conf/sigmod/AmbiteABKMMMPT98 cite label Abi97 conf/icdt/Abiteboul97 cite label ACM93 conf/vldb/AbiteboulCM93 cite label ACPS96 conf/sigmod/AdaliCPS96 cite label AD98 conf/pods/AbiteboulD98 cite label AFT98 journals/dpd/AmsalegFT98 cite label AII98 ... cite label AK97 journals/sigmod/AshishK97 cite label AKS96 journals/jiis/ArensKS96 cite label AM98 conf/icde/ArocenaM98 cite label AMM97a journals/cn/ArocenaMM97 cite label AMM97b conf/vldb/AtzeniMM97 cite label AMM98 conf/edbt/AtzeniMM98 cite label AMR+98 conf/vldb/AbiteboulMRVW98 cite label AQM+97 journals/jodl/AbiteboulQMWW97 cite label Aro97 ... cite label AV97a conf/icdt/AbiteboulV97 cite label AV97b conf/pods/AbiteboulV97 cite label BBH+98 journals/cn/BharatBHKV98 cite label BBMR89 conf/sigmod/BorgidaBMR89 cite label BDFS97 conf/icdt/BunemanDFS97 cite label BDH+95 journals/cn/BowmanDHMS95 cite label BDHS96 conf/sigmod/BunemanDHS96 cite label BEM+98 conf/webdb/BeeriEMSSTKKMS98 cite label BH98 conf/sigir/BharatH98 cite label Bil98 conf/webdb/Billard98 cite label BK90 conf/echt/BeeriK90 cite label Bla96 conf/sigmod/Blakeley96 cite label BP98 journals/cn/BrinP98 cite label BT98 conf/fqas/BonnetT98 cite label Bun97 conf/pods/Buneman97 cite label CACS94 conf/sigmod/ChristophidesACS94 cite label CDF+98 conf/aaai/CravenFMMNS98 cite label CDRR98 journals/cn/ChakrabartiDRRGK98 cite label CDSS98 conf/sigmod/CluetDSS98 cite label CGL98 conf/aaai/CalvaneseGL98 cite label CGMP98 journals/cn/ChoGP98 cite label CK98 journals/cn/CarriereK97 cite label CKPS95 conf/icde/ChaudhuriKPS95 cite label CM89 conf/ht/ConsensM89 cite label CM90 conf/pods/ConsensM90 cite label CMW87 conf/sigmod/CruzMW87 cite label CMW88 conf/eds/CruzMW88 cite label Coh98 conf/sigmod/Cohen98 cite label CS98 ... cite label DEW97 conf/agents/DoorenbosEW97 cite label DFF+98 journals/cn/DeutschFFLS99 cite label DG97a conf/pods/DuschkaG97 cite label DG97b conf/sac/DuschkaG97 cite label Dus97 conf/aaai/Duschka97 cite label EGW94 conf/kr/EtzioniGW94 cite label EW94 journals/cacm/EtzioniW94 cite label FFK+98 conf/sigmod/FernandezFKLS98 cite label FFLS97 journals/sigmod/FernandezFLS97 cite label FFLS98 ... cite label FHM94 ... cite label FKL97 conf/vldb/FlorescuKLP97 cite label FLS98 conf/pods/FlorescuLS98 cite label FRV96 journals/ijcis/FlorescuRV96 cite label FW97 conf/ijcai/FriedmanW97 cite label GC94 conf/sigmod/ColeG94 cite label GGMT99 journals/tods/GravanoGT99 cite label GMPQ+97 ... cite label GMW98 ... cite label GRC97 conf/hotos/GaddeRC97 cite label GRVB98 conf/coopis/GruserRVB98 cite label GW97 conf/vldb/GoldmanW97 cite label GW98 conf/webdb/GoldmanW98 cite label GZC89 journals/tois/GutingZC89 cite label Hal88 journals/cacm/Halasz88 cite label Har94 ... cite label HGMN+98 conf/sigmod/HammerGNYBV97 cite label HKWY97 conf/vldb/HaasKWY97 cite label HLLS97 conf/dood/HimmeroderLLS97 cite label HML+98 journals/tapos/HirataMLOH98 cite label Hul97 conf/pods/Hull97 cite label HZ96 conf/sigmod/HullZ96 cite label Jan98 ... cite label JB97 ... cite label Jun98 ... cite label KD98 conf/sigmod/KabraD98 cite label KDW97 conf/ijcai/KushmerickWD97 cite label Kle98 conf/soda/Kleinberg98 cite label KLW95 journals/jacm/KiferLW95 cite label KMSS98 journals/dke/KoganMSS98 cite label KS95 conf/vldb/KonopnickiS95 cite label KS98 conf/webdb/KonopnickiS98 cite label KW96 conf/aaai/KwokW96 cite label Lev96 conf/vldb/Levy96 cite label LG98 ... cite label LHL+98 journals/is/LudascherHLMS98 cite label LMSS95 conf/pods/LevyMSS95 cite label LRO96 conf/vldb/LevyRO96 cite label LRU96 conf/pods/LevyRU96 cite label LSB+98 journals/tkde/LeeSBBOO99 cite label LSCH98 conf/adl/LiSCH98 cite label LSS96 conf/ride/LakshmananSS96 cite label MM97 conf/pods/MendelzonM97 cite label MMM97 journals/jodl/MendelzonMM97 cite label MMM98 conf/edbt/MeccaMM98 cite label Mot89 journals/tods/Motro89 cite label MP96 conf/icde/MooreP96 cite label MPP+93 conf/icde/MitschangPPLS93 cite label MRT98 conf/edbt/MihailaRT98 cite label MZ98 conf/vldb/MiloZ98 cite label NAM98 conf/sigmod/NestorovAM98 cite label NGT98 conf/icde/NaackeGT98 cite label NS96 conf/sigmod/NguyenS96 cite label PAGM96 conf/vldb/PapakonstantinouAG96 cite label PdBA+92 journals/sigmod/ParedaensBAGGTGSS92 cite label PE95 ... cite label PE97 conf/ijcai/PerkowitzE97 cite label PF98 conf/edbt/FraternaliP98 cite label PGGMU95 conf/dood/PapakonstantinouGGU95 cite label PGMW95 conf/icde/PapakonstantinouGW95 cite label PMSL94 journals/is/PiraheshMSL94 cite label PPR96 conf/chi/PirolliPR96 cite label RSU95 conf/pods/RajaramanSU95 cite label Spe97 journals/cn/Spertus97 cite label SSD97 ... cite label TMD92 ... cite label TN98 conf/edbt/ToyamaN98 cite label TRV98 journals/tkde/TomasicRV98 cite label TSI96 journals/vldb/TsatalosSI96 cite label UFA98 conf/sigmod/UrhanFA98 cite label Ull97 conf/icdt/Ullman97 cite label VP97a conf/vldb/VassalosP97 cite label VP97b conf/oois/VercoustreP97 cite label WAC+93 conf/sigmod/WoelkACMSST93 cite label WBJ+95 conf/sigmod/WoelkBJOTU95 cite label Web98 ... cite label WWW98 ... cite label XML98 www/org/w3/TR/REC-xml cite label YL87 conf/vldb/YangL87 cite label YPAGM98 conf/edbt/YerneniPAG98 cite label ZGM98 conf/icde/ZhugeG98 
inproceedings key conf/pods/Hull97 mdate 2012-09-17 crossref conf/pods/97 author Richard-Hull title Managing-Semantic-Heterogeneity-in-Databases:-A-Theoretical-Perspective. pages 51-61 year 1997 booktitle PODS url db/conf/pods/pods97.html#Hull97 ee http://doi.acm.org/10.1145/263661.263668 cdrom journals/anthology/cd1-3:PODS97/P051.PDF cdrom journals/anthology/dvd1:text/1-3/PODS97/P051.PDF cite label AABM82 journals/tcs/AtzeniABM82 cite label AB91 conf/sigmod/AbiteboulB91 cite label Abi97 conf/icdt/Abiteboul97 cite label ACHK93 journals/ijcis/ArensCHK93 cite label ACM90 ... cite label AGS87 journals/debu/AlonsoGS87 cite label AH88 journals/tcs/AbiteboulH88 cite label AHV95 books/aw/AbiteboulHV95 cite label AIR97 conf/pods/AlbertIR97 cite label AK89 conf/sigmod/AbiteboulK89 cite label ANRS92 conf/vldb/AnsariNRS92 cite label AT93 journals/is/AtzeniT93 cite label AV88 conf/pods/AbiteboulV88 cite label AV90 journals/jcss/AbiteboulV90 cite label B+81 journals/tods/BernsteinGWRR81 cite label BBMR89 conf/sigmod/BorgidaBMR89 cite label BDFS97 conf/icdt/BunemanDFS97 cite label BDHO95 conf/vldb/BunemanDHOW95 cite label BDW91 journals/jcss/BunemanDW91 cite label BGS92 journals/vldb/BreitbartGS92 cite label BHM90 conf/sigmod/BernsteinHM90 cite label BK91 journals/csur/BarghoutiK91 cite label BLN86 journals/csur/BatiniL86 cite label BLT86 conf/sigmod/BlakeleyLT86 cite label BMSU81 journals/siamcomp/BeeriMSU81 cite label BOT86 conf/icde/BreitbartOT86 cite label Bre90 journals/sigmod/Breitbart90 cite label BS81 journals/tods/BancilhonS81 cite label Bun97 conf/pods/Buneman97 cite label Cat93 books/mk/Cattell93 cite label CGH+94 conf/ipsj/ChawatheGHPUW94 cite label CGL+96 conf/sigmod/ColbyGLMT96 cite label CH+95a conf/ride/CareyHSACFFLNPTWW95 cite label CH95b conf/pods/ChangH95 cite label CKW89 conf/slp/ChenKW89 cite label CR90 conf/sigmod/ChrysanthisR90 cite label CW91 conf/vldb/CeriW91 cite label CW92 ... cite label CW93 conf/vldb/CeriW93 cite label Dat95 books/aw/Date95 cite label Day89 conf/dbpl/Dayal89 cite label DD93 books/aw/DateD93 cite label DH84 journals/tse/DayalH84 cite label DHL91 conf/vldb/DayalHL91 cite label DHR96 conf/sigmod/DohertyHR96 cite label Ell79 ... cite label ELM95 ... cite label Fag82 journals/jacm/Fagin82 cite label Fag96 conf/pods/Fagin96 cite label FFP96 ... cite label FFR96 ... cite label FHMS91 ... cite label Gen91 conf/kr/Genesereth91 cite label GHJ96 journals/tods/GhandeharizadehHJ96 cite label GHS95 journals/dpd/GeorgakopoulosHS95 cite label GJM96 conf/edbt/GuptaJM96 cite label GK94 journals/cacm/GeneserethK94 cite label GL95 conf/sigmod/GriffinL95 cite label GLS96 conf/pods/GyssensLS96 cite label GMS93 conf/sigmod/GuptaMS93 cite label Gru93 ... cite label GSS94 ... cite label Gun92 journals/tcs/Gunter92 cite label Gup89 ... cite label GZ82 journals/jacm/GinsburgZ82 cite label HBG+97 conf/sigmod/HammerGNYBV97 cite label HM85 journals/tois/HeimbignerM85 cite label HM93 journals/ijcis/HammerM93 cite label HS91 conf/icde/HsuS91 cite label HS93 journals/jcss/HullS93 cite label Hul84 journals/jacm/Hull84 cite label Hul86 journals/siamcomp/Hull86 cite label HY84 journals/jacm/HullY84 cite label HY90 conf/vldb/HullY90 cite label HZ96 conf/sigmod/HullZ96 cite label I3-95 ... cite label IK93 ... cite label JK84 journals/jcss/JohnsonK84 cite label KAAK93 conf/ds/KentAAKS92 cite label Kai95 ... cite label Kal93 conf/ride/Kalinichenko93 cite label KCGS95 ... cite label Kel86 journals/computer/Keller86 cite label KH96 journals/jiis/KuokkaH96 cite label Kim95 books/acm/Kim95 cite label KK95 ... cite label KKS92 conf/sigmod/KiferKS92 cite label KS91 ... cite label Lib95 conf/icdt/Libkin95 cite label LMR90 journals/csur/LitwinMR90 cite label LMSS95a conf/pods/LevyMSS95 cite label LMSS95b conf/sigmod/LuMSS95 cite label LRO96 conf/vldb/LevyRO96 cite label LRU96 conf/pods/LevyRU96 cite label MAGK95 journals/debu/MohanAGK95 cite label MFO90 conf/aaai/McKayFO90 cite label MIR93 conf/vldb/MillerIR93 cite label MIR94 journals/is/MillerIR94 cite label MR92 ... cite label MS92 journals/tods/MarkowitzS92 cite label MWF92 ... cite label MY95 ... cite label OMG ... cite label PFPS+92 conf/kr/PatilFPMFGN92 cite label PKH88 conf/vldb/PuKH88 cite label Rei84 ... cite label Ros92 conf/pods/Ross92 cite label RPR89 ... cite label RR93 conf/popl/RamalingamR93 cite label RS95 ... cite label RSK91 journals/computer/RusinkiewiczSK91 cite label RSS96 conf/sigmod/RossSS96 cite label SA95 ... cite label SAL+96 journals/vldb/StonebrakerALPSSSY96 cite label SAP97 ... cite label SK95 ... cite label SL90 journals/csur/ShethL90 cite label Sta95 journals/sigmod/Stacey95 cite label Suc96 conf/vldb/Suciu96 cite label Syb97 ... cite label T+90 journals/csur/ThomasTCBCTFH90 cite label TBC+87 ... cite label Tho95 ... cite label Ull88 books/cs/Ullman88 cite label Ull97 conf/icdt/Ullman97 cite label VGV93 conf/pods/BusscheGV93 cite label WAC+93 conf/sigmod/WoelkACMSST93 cite label WCH+93 conf/pdis/WoelkCHST93 cite label WHW89 ... cite label WHW90 conf/pos/WidjojoHW90 cite label Wie92 journals/computer/Wiederhold92 cite label Wie96a journals/jiis/Wiederhold96 cite label Wie96b journals/jiis/Wiederhold96a cite label WW97 conf/icdt/WodtkeW97 cite label WWWD96 conf/icde/WodtkeWWD96 cite label ZGHW95 conf/sigmod/ZhugeGHW95 cite label ZHK96 journals/jiis/ZhouHK96 
article key journals/vldb/Guting94 mdate 2017-03-29 author Ralf-Hartmut-Güting title An-Introduction-to-Spatial-Database-Systems journal VLDB-J. volume 3 number 4 year 1994 pages 357-399 ee http://www.vldb.org/journal/VLDBJ3/P357.pdf url db/journals/vldb/vldb3.html#Guting94 cite label Abdelmoty-et-al.-1993 conf/ssd/AbdelmotyWP93 cite label Abel-1989 ... cite label Abel-&-Ooi-1993 ... cite label Abel-&-Smith-1983 ... cite label Abiteboul-&-Beeri-1988 journals/vldb/AbiteboulB95 cite label Agrawal-1987 conf/icde/Agrawal87 cite label Aref-&-Samet-1991a conf/ssd/ArefS91 cite label Aref-&-Samet-1991b conf/vldb/ArefS91 cite label Bancilhon-et-al.-1987 conf/vldb/BancilhonBKV87 cite label Batory-et-al.-1988 journals/tse/BatoryBGSTTW88 cite label Baumann-1994 journals/vldb/Baumann94 cite label Bauzer-Medeiros-&-Pires-1994 journals/sigmod/MedeirosP94 cite label Becker-&-Güting-1992 journals/tods/BeckerG92 cite label Becker-et-al.-1993 conf/icde/BeckerHF93 cite label Beckmann-et-al.-1990 conf/sigmod/BeckmannKSS90 cite label Bentley-1975 journals/cacm/Bentley75 cite label Berman-&-Stonebraker-1977 ... cite label Brinkhoff-et-al.-1993a conf/icde/BrinkhoffKS93 cite label Brinkhoff-et-al.-1993b conf/sigmod/BrinkhoffKS93 cite label Brinkhoff-et-al.-1994 conf/sigmod/BrinkhoffKSS94 cite label Buchmann-et-al.-1989 ... cite label Chang-&-Fu-1980 ... cite label Chang-et-al.-1991 conf/ssd/ChangJL89 cite label Chu-et-al.-1994 journals/vldb/ChuIT94 cite label Clementini-etal.-1993 conf/ssd/ClementiniFO93 cite label Cruz-et-al.-1987 conf/sigmod/CruzMW87 cite label Cui-et-al.-1993 conf/ssd/CuiCR93 cite label David-et-al.-1993 conf/ssd/DavidRSM93 cite label Dayal-et-al.-1987 conf/btw/DayalMBCGHOR87 cite label Dröge-&-Schek-1993 conf/ssd/DrogeS93 cite label Dröge-et-al.-1990 journals/ife/DrogeSW90 cite label Egenhofer-1989 conf/fodo/Egenhofer89 cite label Egenhofer-1991a ... cite label Egenhofer-1991b conf/ssd/Egenhofer91 cite label Egenhofer-1992 ... cite label Egenhofer-1994 journals/tkde/Egenhofer94 cite label Egenhofer-&-Frank-1988 conf/vldb/EgenhoferF88 cite label Egenhofer-et-al.-1989 conf/ssd/EgenhoferFJ89 cite label Egenhofer-&-Herring-1990 ... cite label Egenhofer-&-Herring-1992 ... cite label Erwig-&-Güting-1991 journals/tkde/ErwigG94 cite label Faloutsos-et-al.-1987 conf/sigmod/FaloutsosSR87 cite label Frank-1981 conf/vldb/Frank81 cite label Frank-1982 ... cite label Frank-1988 ... cite label Frank-1991 conf/ssd/Frank91 cite label Frank-1992 ... cite label Frank-&-Kuhn-1986 ... cite label Franklin-1984 ... cite label Freeman-&-Ahn-1987 ... cite label Freeston-1987 conf/sigmod/Freeston87 cite label Freksa-1991 ... cite label Gardarin-et-al.-1989 conf/vldb/GardarinCKPS89 cite label Gargano-et-al.-1991 journals/is/GarganoNT91 cite label Gargantini-1982 journals/cacm/Gargantini82 cite label Graefe-&-DeWitt-1987 conf/sigmod/GraefeD87 cite label Greene-1989 conf/icde/Greene89 cite label Greene-&-Yao-1986 conf/focs/GreeneY86 cite label Günther-1988 ... cite label Günther-1993 conf/icde/Gunther93 cite label Günther-&-Bilmes-1989 conf/btw/GuntherB89 cite label Günther-&-Buchmann-1990 journals/sigmod/GuntherB90 cite label Günther-&-Schek-1991 ... cite label Güting-1988 conf/edbt/Guting88 cite label Güting-1989 conf/vldb/Guting89 cite label Güting-1993 conf/sigmod/Guting93 cite label Güting-1994 conf/vldb/Guting94 cite label Güting-&-Schilling-1987 ... cite label Güting-&-Schneider-1993a conf/ssd/GutingS93 cite label Güting-&-Schneider-1993b journals/vldb/GutingS95 cite label Güting-et-al.-1989 journals/tois/GutingZC89 cite label Gupta-et-al.-1991 conf/vldb/GuptaWJ91 cite label Guttmann-1984 conf/sigmod/Guttman84 cite label Gyssens-et-al.-1990 conf/pods/GyssensPG90 cite label Haas-&-Cody-1991 conf/ssd/HaasC91 cite label Haas-et-al.-1989 conf/sigmod/HaasFLP89 cite label Henrich-et-al.-1989 conf/vldb/HenrichSW89 cite label Herring-et-al.-1988 ... cite label Hinrichs-1985 ... cite label de-Hoop-&-van-Oosterom-1992 ... cite label Joseph-&-Caredenas-1988 journals/tse/JosephC88 cite label Keating-et-al.-1987 ... cite label Kriegel-et-al.-1991 conf/ssd/KriegelHS91 cite label Larue-et-al.-1993 conf/ssd/LaruePV93 cite label Lin-1994 journals/vldb/LinJF94 cite label Lipeck-&-Neumann-1987 conf/er/LipeckN86 cite label Lo-&-Ravishankar-1994 conf/sigmod/LoR94 cite label Lomet-&-Salzberg-1989 conf/icde/LometS89 cite label Lu-&-Han-1992 conf/icde/LuH92 cite label Maingenaud-&-Portier-1990 ... cite label Mantey-&-Carlson-1980 conf/ibm/ManteyC79 cite label Mehlhorn-1984 ... cite label Meyer-1992 conf/ids/Meyer92 cite label Morehouse-1989 ... cite label Morton-1966 ... cite label Nievergelt-et-al.-1984 journals/tods/NievergeltHS84 cite label Nievergelt-&-Preparata-1982 journals/cacm/NievergeltP82 cite label Ooi-et-al.-1987 ... cite label Ooi-et-al;-1989 conf/icde/OoiSM89 cite label van-Osterom-&-Vijlbrief-1991 ... cite label Orenstein-1986 conf/sigmod/Orenstein86 cite label Orenstein-1989 conf/ssd/Orenstein89 cite label Orenstein-1991 conf/ssd/Orenstein91 cite label Orenstein-&-Manola-1988 journals/tse/OrensteinM88 cite label Osborn-&-Heaven-1986 journals/tods/OsbornH86 cite label Pagel-et-al.-1993 conf/ssd/PagelST93 cite label Papadias-&-Sellis-1994 journals/vldb/PapadiasS94 cite label Preparata-&-Shamos-1985 books/sp/PreparataS85 cite label Pullar-&-Egenhofer-1988 ... cite label de-Ridder-1994 ... cite label Robinson-1981 conf/sigmod/Robinson81 cite label Rosenthal-et-al.-1986 conf/sigmod/RosenthalHDM86 cite label Roussopoulos-et-al.-1988 journals/tse/RoussopoulosFS88 cite label Rotem-1991 conf/icde/Rotem91 cite label Samet-1990 books/aw/Samet90 cite label Schek-et-al.-1990 journals/tkde/SchekPSW90 cite label Schek-&-Wolf-1993 conf/ssd/SchekW93 cite label Schilcher-1985 ... cite label Scholl-&-Voisard-1989 conf/ssd/SchollV89 cite label Scholl-&-Voisard-1991 ... cite label Seeger-&-Kriegel-1988 conf/vldb/SeegerK88 cite label Seeger-&-Kriegel-1990 conf/vldb/SeegerK90 cite label Sellis-et-al.-1987 conf/vldb/SellisRF87 cite label Smith-&-Gao-1990 ... cite label Smith-et-al.-1987 ... cite label Stonebraker-et-al.-1993a conf/sigmod/StonebrakerFGM93 cite label Stonebraker-et-al.-1993b conf/ssd/StonebrakerFD93 cite label Stonebraker-&-Rowe-1986 conf/sigmod/StonebrakerR86 cite label Stonebraker-et-al.-1983 ... cite label Svensson-&-Huang-1991 conf/ssd/SvenssonH91 cite label Tamminen-1982 journals/bit/Tamminen82 cite label Tomlin-1990 books/ph/Tomlin90 cite label Valduriez-1987 journals/tods/Valduriez87 cite label Vijlbrief-&-van-Osterom-1992 ... cite label Voisard-1991 conf/ssd/Voisard91 cite label Waugh-&-Healey-1987 ... cite label Widmayer-1991 ... cite label Wilms-et-al.-1988 conf/jcdkb/WilmsSSH88 cite label Wolf-1989 conf/ssd/Wolf89 cite label Worboys-1992 ... 
article key journals/corr/AartsenA13 mdate 2017-08-28 publtype informal author Mark-G.-Aartsen author Rasha-U.-Abbasi author Markus-Ackermann-0003 author Jenni-Adams author Juan-Antonio-Aguilar author Markus-Ahlers author David-Altmann author Carlos-A.-Argüelles-Delgado author Jan-Auffenberg author Xinhua-Bai author Michael-F.-Baker author Steven-W.-Barwick author Volker-Baum author Ryan-Bay author James-J.-Beatty author Julia-K.-Becker-Tjus author Karl-Heinz-Becker author Segev-BenZvi author Patrick-Berghaus author David-Berley author Elisa-Bernardini author Anna-Bernhard author David-Z.-Besson author G.-Binder author Daniel-Bindig author Martin-Bissok author Erik-Blaufuss author Jan-Blumenthal author David-J.-Boersma author Christian-Bohm author Debanjan-Bose author Sebastian-Böser author Olga-Botner author Lionel-Brayeur author Hans-Peter-Bretz author Anthony-M.-Brown author Ronald-Bruijn author James-Casey author Martin-Casier author Dmitry-Chirkin author Asen-Christov author Brian-John-Christy author Ken-Clark author Lew-Classen author Fabian-Clevermann author Stefan-Coenders author Shirit-Cohen author Doug-F.-Cowen author Angel-H.-Cruz-Silva author Matthias-Danninger author Jacob-Daughhetee author James-C.-Davis author Melanie-Day author Catherine-De-Clercq author Sam-De-Ridder author Paolo-Desiati author Krijn-D.-de-Vries author Meike-de-With author Tyce-DeYoung author Juan-Carlos-Díaz-Vélez author Matthew-Dunkman author Ryan-Eagan author Benjamin-Eberhardt author Björn-Eichmann author Jonathan-Eisch author Sebastian-Euler author Paul-A.-Evenson author Oladipo-O.-Fadiran author Ali-R.-Fazely author Anatoli-Fedynitch author Jacob-Feintzeig author Tom-Feusels author Kirill-Filimonov author Chad-Finley author Tobias-Fischer-Wasels author Samuel-Flis author Anna-Franckowiak author Katharina-Frantzen author Tomasz-Fuchs author Thomas-K.-Gaisser author Joseph-S.-Gallagher author Lisa-Marie-Gerhardt author Laura-E.-Gladstone author Thorsten-Glüsenkamp author Azriel-Goldschmidt author Geraldina-Golup author Javier-G.-González author Jordan-A.-Goodman author Dariusz-Góra author Dylan-T.-Grandmont author Darren-Grant author Pavel-Gretskov author orcid 0000-0001-9880-3634 John-C.-Groh author Andreas-Groß author Chang-Hyon-Ha author Abd-Al-Karim-Haj-Ismail author Patrick-Hallen author Allan-Hallgren author Francis-Halzen author Kael-D.-Hanson author Dustin-Hebecker author David-Heereman author Dirk-Heinen author Klaus-Helbing author Robert-Eugene-Hellauer-III author Stephanie-Virginia-Hickford author Gary-C.-Hill author Kara-D.-Hoffman author Ruth-Hoffmann author Andreas-Homeier author Kotoyo-Hoshina author Feifei-Huang author Warren-Huelsnitz author Per-Olof-Hulth author Klas-Hultqvist author Shahid-Hussain author Aya-Ishihara author Emanuel-Jacobi author John-E.-Jacobsen author Kai-Jagielski author George-S.-Japaridze author Kyle-Jero author Ola-Jlelati author Basho-Kaminsky author Alexander-Kappes author Timo-Karg author Albrecht-Karle author Matthew-Kauer author John-Lawrence-Kelley author Joanna-Kiryluk author J.-Kläs author Spencer-R.-Klein author Jan-Hendrik-Köhne author Georges-Kohnen author Hermann-Kolanoski author Lutz-Köpke author Claudio-Kopper author Sandro-Kopper author D.-Jason-Koskinen author Marek-Kowalski author Mark-Krasberg author Anna-Kriesten author Kai-Michael-Krings author Gösta-Kroll author Jan-Kunnen author Naoko-Kurahashi author Takao-Kuwabara author Mathieu-Labare author Hagar-Landsman author Michael-James-Larson author Mariola-Lesiak-Bzdak author Martin-Leuermann author Julia-Leute author Jan-Lünemann author Oscar-A.-Macías-Ramírez author James-Madsen author Giuliano-Maggi author Reina-Maruyama author Keiichi-Mase author Howard-S.-Matis author Frank-McNally author Kevin-James-Meagher author Martin-Merck author Gonzalo-Merino-Arévalo author Thomas-Meures author Sandra-Miarecki author Eike-Middell author Natalie-Milke author John-Lester-Miller author Lars-Mohrmann author Teresa-Montaruli author Robert-M.-Morse author Rolf-Nahnhauer author Uwe-Naumann author Hans-Niederhausen author Sarah-C.-Nowicki author David-R.-Nygren author Anna-Obertacke author Sirin-Odrowski author Alex-Olivas author Ahmad-Omairat author Aongus-Starbuck-Ó-Murchadha author Larissa-Paul author Joshua-A.-Pepper author Carlos-Pérez-de-los-Heros author Carl-Pfendner author Damian-Pieloth author Elisa-Pinat author Jonas-Posselt author P.-Buford-Price author Gerald-T.-Przybylski author Melissa-Quinnan author Leif-Rädel author Ian-Rae author Mohamed-Rameez author Katherine-Rawlins author Peter-Christian-Redl author René-Reimann author Elisa-Resconi author Wolfgang-Rhode author Mathieu-Ribordy author Michael-Richman author Benedikt-Riedel author J.-P.-Rodrigues author orcid 0000-0002-6958-6033 Carsten-Rott author Tim-Ruhe author Bakhtiyar-Ruzybayev author Dirk-Ryckbosch author Sabine-M.-Saba author Heinz-Georg-Sander author orcid 0000-0001-7297-8217 Juan-Marcos-Santander author orcid 0000-0002-3542-858X Subir-Sarkar-0002 author Kai-Schatto author Florian-Scheriau author Torsten-Schmidt author Martin-Schmitz author Sebastian-Schoenen author Sebastian-Schöneberg author Arne-Schönwald author orcid 0000-0002-9112-5479 Anne-Schukraft author Lukas-Schulte author David-Schultz author Olaf-Schulz author David-Seckel author Yolanda-Sestayo-de-la-Cerra author Surujhdeo-Seunarine author Rezo-Shanidze author Chris-Sheremata author Miles-W.-E.-Smith author Dennis-Soldin author Glenn-M.-Spiczak author Christian-Spiering author Michael-Stamatikos author Todor-Stanev author Nick-A.-Stanisha author Alexander-Stasik author Thorsten-Stezelberger author Robert-G.-Stokstad author Achim-Stößl author Erik-A.-Strahler author Rickard-Ström author orcid 0000-0002-4667-6730 Nora-Linn-Strotjohann author Gregory-W.-Sullivan author Henric-Taavola author Ignacio-Taboada author Alessio-Tamburro author Andreas-Tepe author orcid 0000-0002-5788-1369 Samvel-Ter-Antonyan author Gordana-Tesic author Serap-Tilav author Patrick-A.-Toale author Moriah-Natasha-Tobin author Simona-Toscano author Maria-Tselengidou author Elisabeth-Unger author Marcel-Usner author Sofia-Vallecorsa author Nick-van-Eijndhoven author Arne-Van-Overloop author Jakob-van-Santen author Markus-Vehring author Markus-Voge author Matthias-Vraeghe author Christian-Walck author Tilo-Waldenmaier author Marius-Wallraff author Christopher-N.-Weaver author Mark-T.-Wellons author Christopher-H.-Wendt author Stefan-Westerhoff author Nathan-Whitehorn author Klaus-Wiebe author Christopher-Wiebusch author Dawn-R.-Williams author Henrike-Wissing author Martin-Wolf author Terri-R.-Wood author Kurt-Woschnagg author Donglian-Xu author Xianwu-Xu author Juan-Pablo-Yáñez-Garza author Gaurang-B.-Yodh author Shigeru-Yoshida author Pavel-Zarzhitsky author Jan-Ziemann author Simon-Zierke author Marcel-Zoll title The-IceProd-Framework:-Distributed-Data-Processing-for-the-IceCube-Neutrino-Observatory. year 2013 journal CoRR ee http://arxiv.org/abs/1311.5904 volume abs/1311.5904 url db/journals/corr/corr1311.html#AartsenA13 
article key journals/jpdc/Aartsen15 mdate 2017-09-16 author Mark-G.-Aartsen author Rasha-U.-Abbasi author Markus-Ackermann-0003 author Jenni-Adams author orcid 0000-0003-2252-9514 Juan-Antonio-Aguilar author orcid 0000-0003-0709-5631 Markus-Ahlers author David-Altmann author orcid 0000-0003-4186-4182 Carlos-A.-Argüelles-Delgado author Jan-Auffenberg author Xinhua-Bai author Michael-F.-Baker author Steven-W.-Barwick author Volker-Baum author Ryan-Bay author James-J.-Beatty author Julia-K.-Becker-Tjus author Karl-Heinz-Becker author Segev-BenZvi author Patrick-Berghaus author David-Berley author Elisa-Bernardini author Anna-Bernhard author David-Z.-Besson author G.-Binder author Daniel-Bindig author Martin-Bissok author Erik-Blaufuss author Jan-Blumenthal author David-J.-Boersma author Christian-Bohm author Debanjan-Bose author Sebastian-Böser author Olga-Botner author Lionel-Brayeur author Hans-Peter-Bretz author Anthony-M.-Brown author Ronald-Bruijn author James-Casey author Martin-Casier author Dmitry-Chirkin author Asen-Christov author Brian-John-Christy author Ken-Clark author Lew-Classen author Fabian-Clevermann author Stefan-Coenders author Shirit-Cohen author Doug-F.-Cowen author Angel-H.-Cruz-Silva author Matthias-Danninger author Jacob-Daughhetee author James-C.-Davis author Melanie-Day author Catherine-De-Clercq author Sam-De-Ridder author Paolo-Desiati author Krijn-D.-de-Vries author Meike-de-With author Tyce-DeYoung author Juan-Carlos-Díaz-Vélez author Matthew-Dunkman author Ryan-Eagan author Benjamin-Eberhardt author Björn-Eichmann author Jonathan-Eisch author Sebastian-Euler author Paul-A.-Evenson author Oladipo-O.-Fadiran author Ali-R.-Fazely author Anatoli-Fedynitch author Jacob-Feintzeig author Tom-Feusels author Kirill-Filimonov author Chad-Finley author Tobias-Fischer-Wasels author Samuel-Flis author Anna-Franckowiak author Katharina-Frantzen author Tomasz-Fuchs author Thomas-K.-Gaisser author Joseph-S.-Gallagher author Lisa-Marie-Gerhardt author Laura-E.-Gladstone author Thorsten-Glüsenkamp author Azriel-Goldschmidt author Geraldina-Golup author Javier-G.-González author Jordan-A.-Goodman author Dariusz-Góra author Dylan-T.-Grandmont author Darren-Grant author Pavel-Gretskov author John-C.-Groh author Andreas-Groß author Chang-Hyon-Ha author Abd-Al-Karim-Haj-Ismail author Patrick-Hallen author Allan-Hallgren author Francis-Halzen author Kael-D.-Hanson author Dustin-Hebecker author David-Heereman author Dirk-Heinen author Klaus-Helbing author Robert-Eugene-Hellauer-III author Stephanie-Virginia-Hickford author Gary-C.-Hill author Kara-D.-Hoffman author Ruth-Hoffmann author Andreas-Homeier author Kotoyo-Hoshina author Feifei-Huang author Warren-Huelsnitz author Per-Olof-Hulth author Klas-Hultqvist author Shahid-Hussain author Aya-Ishihara author Emanuel-Jacobi author John-E.-Jacobsen author Kai-Jagielski author George-S.-Japaridze author Kyle-Jero author Ola-Jlelati author Basho-Kaminsky author Alexander-Kappes author orcid 0000-0003-3251-2126 Timo-Karg author Albrecht-Karle author Matthew-Kauer author John-Lawrence-Kelley author Joanna-Kiryluk author J.-Kläs author Spencer-R.-Klein author Jan-Hendrik-Köhne author Georges-Kohnen author Hermann-Kolanoski author Lutz-Köpke author Claudio-Kopper author Sandro-Kopper author D.-Jason-Koskinen author Marek-Kowalski author Mark-Krasberg author Anna-Kriesten author Kai-Michael-Krings author Gösta-Kroll author Jan-Kunnen author Naoko-Kurahashi author Takao-Kuwabara author Mathieu-Labare author Hagar-Landsman author Michael-James-Larson author Mariola-Lesiak-Bzdak author Martin-Leuermann author Julia-Leute author Jan-Lünemann author Oscar-A.-Macías-Ramírez author James-Madsen author Giuliano-Maggi author orcid 0000-0003-2794-512X Reina-Maruyama author Keiichi-Mase author Howard-S.-Matis author Frank-McNally author Kevin-James-Meagher author Martin-Merck author orcid 0000-0002-9540-5742 Gonzalo-Merino-Arévalo author Thomas-Meures author Sandra-Miarecki author Eike-Middell author Natalie-Milke author John-Lester-Miller author Lars-Mohrmann author Teresa-Montaruli author Robert-M.-Morse author Rolf-Nahnhauer author Uwe-Naumann author Hans-Niederhausen author Sarah-C.-Nowicki author David-R.-Nygren author Anna-Obertacke author Sirin-Odrowski author Alex-Olivas author Ahmad-Omairat author Aongus-Starbuck-Ó-Murchadha author Larissa-Paul author Joshua-A.-Pepper author Carlos-Pérez-de-los-Heros author Carl-Pfendner author Damian-Pieloth author Elisa-Pinat author Jonas-Posselt author P.-Buford-Price author Gerald-T.-Przybylski author Melissa-Quinnan author Leif-Rädel author Ian-Rae author Mohamed-Rameez author Katherine-Rawlins author Peter-Christian-Redl author René-Reimann author Elisa-Resconi author Wolfgang-Rhode author Mathieu-Ribordy author Michael-Richman author Benedikt-Riedel author J.-P.-Rodrigues author Carsten-Rott author Tim-Ruhe author Bakhtiyar-Ruzybayev author Dirk-Ryckbosch author Sabine-M.-Saba author Heinz-Georg-Sander author orcid 0000-0001-7297-8217 Juan-Marcos-Santander author orcid 0000-0002-3542-858X Subir-Sarkar-0002 author Kai-Schatto author Florian-Scheriau author Torsten-Schmidt author Martin-Schmitz author Sebastian-Schoenen author Sebastian-Schöneberg author Arne-Schönwald author Anne-Schukraft author Lukas-Schulte author David-Schultz author Olaf-Schulz author David-Seckel author Yolanda-Sestayo-de-la-Cerra author Surujhdeo-Seunarine author Rezo-Shanidze author Chris-Sheremata author Miles-W.-E.-Smith author Dennis-Soldin author Glenn-M.-Spiczak author Christian-Spiering author Michael-Stamatikos author Todor-Stanev author Nick-A.-Stanisha author Alexander-Stasik author Thorsten-Stezelberger author Robert-G.-Stokstad author Achim-Stößl author Erik-A.-Strahler author Rickard-Ström author Nora-Linn-Strotjohann author Gregory-W.-Sullivan author orcid 0000-0002-2604-2810 Henric-Taavola author Ignacio-Taboada author Alessio-Tamburro author Andreas-Tepe author Samvel-Ter-Antonyan author Gordana-Tesic author Serap-Tilav author Patrick-A.-Toale author Moriah-Natasha-Tobin author Simona-Toscano author Maria-Tselengidou author Elisabeth-Unger author Marcel-Usner author Sofia-Vallecorsa author Nick-van-Eijndhoven author Arne-Van-Overloop author Jakob-van-Santen author Markus-Vehring author Markus-Voge author Matthias-Vraeghe author Christian-Walck author Tilo-Waldenmaier author Marius-Wallraff author Christopher-N.-Weaver author Mark-T.-Wellons author Christopher-H.-Wendt author Stefan-Westerhoff author Nathan-Whitehorn author Klaus-Wiebe author Christopher-Wiebusch author Dawn-R.-Williams author Henrike-Wissing author Martin-Wolf author Terri-R.-Wood author Kurt-Woschnagg author Donglian-Xu author Xianwu-Xu author Juan-Pablo-Yáñez-Garza author Gaurang-B.-Yodh author Shigeru-Yoshida author Pavel-Zarzhitsky author Jan-Ziemann author Simon-Zierke author Marcel-Zoll title The-IceProd-framework:-Distributed-data-processing-for-the-IceCube-neutrino-observatory. pages 198-211 year 2015 volume 75 journal J.-Parallel-Distrib.-Comput. ee https://doi.org/10.1016/j.jpdc.2014.08.001 url db/journals/jpdc/jpdc75.html#Aartsen15 
book key books/cu/Appel2002 mdate 2011-04-14 author Andrew-W.-Appel author Jens-Palsberg title Modern-Compiler-Implementation-in-Java,-2nd-edition. publisher Cambridge-University-Press year 2002 isbn 0-521-82060-X cite label Ada-1980 ... cite label Aho-et-al.-1989 journals/toplas/AhoGT89 cite label Aho-et-al.-1975 journals/cacm/AhoJU75 cite label Aho-et-al.-1986 books/aw/AhoSU86 cite label Aiken-and-Nicolau-1988 conf/pldi/AikenN88 cite label Allen-1969 ... cite label Allen-1970 ... cite label Alpern-et-al.-1988 conf/popl/AlpernWZ88 cite label Amiel-et-al.-1994 conf/oopsla/AmielGS94 cite label Appel-1992 books/cu/Appel1992 cite label Appel-et-al.-1988 conf/pldi/AppelEL88 cite label Appel-and-Shao-1996 journals/jfp/AppelS96 cite label Arnold-and-Gosling-1996 books/aw/ArnoldG96 cite label Augustsson-1984 conf/lfp/Augustsson84 cite label Backhouse-1979 books/ph/Backhouse1979 cite label Baker-1978 journals/cacm/Baker78 cite label Ball-and-Larus-1993 conf/pldi/BallL93 cite label Bauer-and-Eickel-1975 ... cite label Birtwistle-et-al. ... cite label Bobrow-et-al.-1989-1 journals/lisp/BobrowDGKKM89 cite label Bobrow-et-al.-1989-2 journals/lisp/BobrowDGKKM89a cite label Boehm-1996 conf/pldi/Boehm96 cite label Boehm-et-al.-1991 conf/pldi/Boehm96 cite label Boehm-and-Weiser-1988 journals/spe/BoehmW88 cite label Bracha-et-al.-1998 conf/oopsla/BrachaOSW98 cite label Branquart-and-Lewi-1971 ... cite label Briggs-et-al.-1994 journals/toplas/BriggsCT94 cite label Brown-and-Tarjan-1979 journals/jacm/BrownT79 cite label Bumbulis-and-Cowan-1993 journals/loplas/BumbulisC93 cite label Burke-and-Fisher-1987 journals/toplas/BurkeF87 cite label Callahan-et-al.-1990 conf/pldi/CallahanCK90 cite label Cardelli-1984 conf/lfp/Cardelli84 cite label Carr-and-Kennedy-1994 journals/toplas/CarrK94 cite label Cattell-1980 journals/toplas/Cattell80 cite label Chaitin-1982 conf/sigplan/Chaitin82 cite label Chambers-and-Leavens-1995 journals/toplas/ChambersL95 cite label Chambers-et-al.-1991 journals/lisp/ChambersUL91 cite label Chen-and-Turau-1994 conf/ecoop/ChenTK94 cite label Cheney-1970 journals/cacm/Cheney70 cite label Chow-et-al.-1986 ... cite label Church-1941 ... cite label Cocke-1970 ... cite label Cocke-and-Schwartz-1970 ... cite label Cohen-1981 journals/csur/Cohen81 cite label Collins-1960 journals/cacm/Collins60 cite label Connor-et-al.-1989 conf/oopsla/ConnorDMB89 cite label Conway-1963 journals/cacm/Conway63 cite label Cormen-et-al.-1990 books/mg/CormenLR89 cite label Cousineau-et-al.-1985 conf/fpca/CousineauCM85 cite label Cytron-et-al.-1991 journals/toplas/CytronFRWZ91 cite label Cytron-et-al.-1986 conf/popl/CytronLZ86 cite label DeRemer-1971 journals/cacm/DeRemer71 cite label Dershowitz-and-Jouannaud-1990 books/el/leeuwen90/DershowitzJ90 cite label Dijkstra-et-al.-1978 journals/cacm/DijkstraLMSS78 cite label Diwan-et-al.-1992 conf/pldi/DiwanMH92 cite label Diwan-et-al.-1996 conf/oopsla/DiwanMM96 cite label Diwan-et-al.-1994 conf/popl/DiwanTM94 cite label Dixon-et-al.-1989 conf/oopsla/DixonMSV89 cite label Ershov-1958 journals/cacm/Ershov58 cite label Feldman-and-Gries-1968 ... cite label Fenichel-and-Yochelson-1969 journals/cacm/FenichelY69 cite label Ferrante-et-al.-1987 journals/toplas/FerranteOW87 cite label Fisher-1981 journals/tc/Fisher81 cite label Fisher-1983 conf/isca/Fisher83 cite label Flanagan-et-al.-1993 conf/pldi/FlanaganSDF93 cite label Ford-and-Fulkerson-1962 ... cite label Fraser-and-Hanson-1995 books/aw/Hanson1995 cite label Fraser-et-al.-1992 journals/sigplan/FraserHP92 cite label Friedman-and-Wise-1976 conf/icalp/FriedmanW76 cite label Garey-and-Johnson-1979 books/fm/GareyJ79 cite label George-and-Appel-1996 books/fm/GareyJ79 cite label Glanville-and-Graham-1978 conf/popl/GlanvilleG78 cite label Gödel-1931 ... cite label Goldberg-et-al.-1983 books/aw/GoldbergR83 cite label Gonçalves-and-Appel-1995 conf/fpca/GoncalvesA95 cite label Gordon-et-al.-1978 conf/popl/GordonMMNW78 cite label Govindarajan-et-al.-1996 journals/tpds/GovindarajanAG96 cite label Gray-1988 ... cite label Gries-1971 books/wi/Gries1971 cite label Hall-et-al.-1996 journals/toplas/HallHJW96 cite label Harel-1985 conf/stoc/Harel85 cite label Heilbrunner-1981 journals/tcs/Heilbrunner81 cite label Henderson-and-Morris-1976 conf/popl/HendersonM76 cite label Hennessy-and-Patterson-1996 books/mk/HennessyP96 cite label Hopcroft-and-Ullman-1979 books/aw/HopcroftU79 cite label Hopkins-1986 ... cite label Hudak-et-al.-1992 journals/sigplan/HudakPWBFFGHHJKNPP92 cite label Hughes-1989 journals/cj/Hughes89 cite label Igarashi-et-al.-2001 journals/toplas/IgarashiPW01 cite label Johnson-1975 ... cite label Jones-and-Lins-1996 books/wi/JonesL96 cite label Kane-and-Heinrich-1992 ... cite label Kelsey-1995 conf/irep/Kelsey95 cite label Kempe-1879 ... cite label Kildall-1973 conf/popl/Kildall73 cite label Knuth-1965 journals/iandc/Knuth65 cite label Knuth-1967 books/aw/Knuth68 cite label Koopman-et-al.-1992 journals/toplas/KoopmanLS92 cite label Kranz-et-al.-1986 conf/sigplan/KranzKRHP86 cite label Landi-and-Ryder-1992 conf/pldi/LandiR92 cite label Landin-1964 ... cite label Lengauer-and-Tarjan-1979 journals/toplas/LengauerT79 cite label Leonard-1987 ... cite label Lesk-1975 ... cite label Lewis-and-Stearns-1968 journals/jacm/LewisS68 cite label Lieberman-and-Hewitt-1983 journals/cacm/LiebermanH83 cite label Lippman-1996 books/aw/Lippman96 cite label Lipton-et-al.-1997 conf/focs/LiptonMN97 cite label Lowry-abd-Medlock-1969 journals/cacm/LowryM69 cite label McCarthy-1960 journals/cacm/McCarthy60 cite label McCarthy-1963 conf/ifip/McCarthy62 cite label McCarthy-et-al.-1962 ... cite label McNaughton-and-Yamada-1960 ... cite label Milner-et-al.-1990 ... cite label Moon-1984 conf/lfp/Moon84 cite label Mowry-et-al.-1992 conf/asplos/MowryLG92 cite label Naur-et-al.-1963 journals/cacm/BackusBGKMPRSVWWWN63 cite label Nelson-1991 ... cite label Patterson-1985 journals/cacm/Patterson85 cite label Paxson-1995 ... cite label Pelegri-Llopart-and-Graham-1988 conf/popl/Pelegri-LlopartG88 cite label Peyton-Jones-and-Partain-1993 ... cite label Peyton-Jones-1987 books/ph/Jones87 cite label Peyton-Jones-1992 journals/jfp/Jones92a cite label Pierce-1992 ... cite label Rau-1994 conf/micro/Rau94 cite label Reinhold-1994 conf/pldi/Reinhold94 cite label Rice-1953 ... cite label Rose-1988 conf/oopsla/Rose88 cite label Rosen-et-al.-1988 conf/popl/RosenWZ88 cite label Scheifler-1977 journals/cacm/Scheifler77 cite label Sedgewick-1997 ... cite label Sethi-and-Ullman-1970 journals/jacm/SethiU70 cite label Shao-and-Appel-1994 conf/lfp/ShaoA94 cite label Shaw-1988 ... cite label Sites-1992 ... cite label Sobalvarro-1988 ... cite label Steele-1975 journals/cacm/Steele75 cite label Steele-1978 ... cite label Stoy-1977 ... cite label Strachey-and-Wadsworth-1974 ... cite label Stroustrup-1997 ... cite label Tanenbaum-1978 journals/cacm/Tanenbaum78 cite label Tarditi-1997 ... cite label Turing-1937 ... cite label Ullamn-1975 journals/jcss/Ullman75 cite label Ungar-1986 ... cite label Wadler-1990 journals/tcs/Wadler90 cite label Wadler-1995 conf/slp/Wadler95 cite label Wegman-and-Zadeck-1991 journals/toplas/WegmanZ91 cite label Wentworth-1990 journals/spe/Wentworth90 cite label Wilson-1997 ... cite label Wolf-and-Lam-1991 conf/pldi/WolfL91 cite label Wolfe-1996 ... cite label Young-et-al.-1997 conf/pldi/YoungJKS97 cite label Young-and-Smith-1994 conf/asplos/YoungS94 
